-- Apply: one account per unlinked raider + characters + character_account + missing tics
-- Run in Supabase SQL Editor. Then: SELECT refresh_dkp_summary();

BEGIN;

-- 1) One account per unlinked raider (account_id = synthetic id, display_name = character name)
INSERT INTO accounts (account_id, char_ids, toon_names, toon_count, display_name) VALUES
  ('unlinked_Aadd', NULL, NULL, 1, 'Aadd'),
  ('unlinked_Aegnor', NULL, NULL, 1, 'Aegnor'),
  ('unlinked_Afierra', NULL, NULL, 1, 'Afierra'),
  ('unlinked_Aimee', NULL, NULL, 1, 'Aimee'),
  ('unlinked_Ambrochanter', NULL, NULL, 1, 'Ambrochanter'),
  ('unlinked_Angus_Mcfife', NULL, NULL, 1, 'Angus Mcfife'),
  ('unlinked_Animale_Vicioso', NULL, NULL, 1, 'Animale Vicioso'),
  ('unlinked_Aporia', NULL, NULL, 1, 'Aporia'),
  ('unlinked_Arliden', NULL, NULL, 1, 'Arliden'),
  ('unlinked_Asparagus', NULL, NULL, 1, 'Asparagus'),
  ('unlinked_Asuka', NULL, NULL, 1, 'Asuka'),
  ('unlinked_Atmos', NULL, NULL, 1, 'Atmos'),
  ('unlinked_Azair', NULL, NULL, 1, 'Azair'),
  ('unlinked_Babba', NULL, NULL, 1, 'Babba'),
  ('unlinked_Bare', NULL, NULL, 1, 'Bare'),
  ('unlinked_Beastmastah_songweaver', NULL, NULL, 1, 'Beastmastah/songweaver'),
  ('unlinked_Beeb', NULL, NULL, 1, 'Beeb'),
  ('unlinked_Belschnickel', NULL, NULL, 1, 'Belschnickel'),
  ('unlinked_Bigpappa', NULL, NULL, 1, 'Bigpappa'),
  ('unlinked_Bilfri', NULL, NULL, 1, 'Bilfri'),
  ('unlinked_Bisben', NULL, NULL, 1, 'Bisben'),
  ('unlinked_Blunt', NULL, NULL, 1, 'Blunt'),
  ('unlinked_Brena', NULL, NULL, 1, 'Brena'),
  ('unlinked_Burn', NULL, NULL, 1, 'Burn'),
  ('unlinked_Cantharellus', NULL, NULL, 1, 'Cantharellus'),
  ('unlinked_Cheyenne', NULL, NULL, 1, 'Cheyenne'),
  ('unlinked_Cildin', NULL, NULL, 1, 'Cildin'),
  ('unlinked_Cosin', NULL, NULL, 1, 'Cosin'),
  ('unlinked_Crawl', NULL, NULL, 1, 'Crawl'),
  ('unlinked_Daerani', NULL, NULL, 1, 'Daerani'),
  ('unlinked_Danhalad', NULL, NULL, 1, 'Danhalad'),
  ('unlinked_Dasidarius', NULL, NULL, 1, 'Dasidarius'),
  ('unlinked_Deku', NULL, NULL, 1, 'Deku'),
  ('unlinked_Depredation', NULL, NULL, 1, 'Depredation'),
  ('unlinked_Diaabettus', NULL, NULL, 1, 'Diaabettus'),
  ('unlinked_Djaspurr', NULL, NULL, 1, 'Djaspurr'),
  ('unlinked_Dobben', NULL, NULL, 1, 'Dobben'),
  ('unlinked_Droodly', NULL, NULL, 1, 'Droodly'),
  ('unlinked_Drudger', NULL, NULL, 1, 'Drudger'),
  ('unlinked_Dumpster', NULL, NULL, 1, 'Dumpster'),
  ('unlinked_Eetcha', NULL, NULL, 1, 'Eetcha'),
  ('unlinked_Elessin', NULL, NULL, 1, 'Elessin'),
  ('unlinked_Enokie', NULL, NULL, 1, 'Enokie'),
  ('unlinked_Ephed', NULL, NULL, 1, 'Ephed'),
  ('unlinked_Faiye', NULL, NULL, 1, 'Faiye'),
  ('unlinked_Faris', NULL, NULL, 1, 'Faris'),
  ('unlinked_Fenris', NULL, NULL, 1, 'Fenris'),
  ('unlinked_Fluffyhappy', NULL, NULL, 1, 'Fluffyhappy'),
  ('unlinked_Fouronenine', NULL, NULL, 1, 'Fouronenine'),
  ('unlinked_Fumar', NULL, NULL, 1, 'Fumar'),
  ('unlinked_Furiousfists', NULL, NULL, 1, 'Furiousfists'),
  ('unlinked_GDPR_2212322', NULL, NULL, 1, 'GDPR#2212322'),
  ('unlinked_GDPR_222894', NULL, NULL, 1, 'GDPR#222894'),
  ('unlinked_GDPR_2854315', NULL, NULL, 1, 'GDPR#2854315'),
  ('unlinked_Goren', NULL, NULL, 1, 'Goren'),
  ('unlinked_Grosk', NULL, NULL, 1, 'Grosk'),
  ('unlinked_Guilder', NULL, NULL, 1, 'Guilder'),
  ('unlinked_Guldawen', NULL, NULL, 1, 'Guldawen'),
  ('unlinked_Hetsh', NULL, NULL, 1, 'Hetsh'),
  ('unlinked_Higlak', NULL, NULL, 1, 'Higlak'),
  ('unlinked_Hooch', NULL, NULL, 1, 'Hooch'),
  ('unlinked_Hyakunen', NULL, NULL, 1, 'Hyakunen'),
  ('unlinked_Ibebeastin', NULL, NULL, 1, 'Ibebeastin'),
  ('unlinked_Jaeberd', NULL, NULL, 1, 'Jaeberd'),
  ('unlinked_Juvdariel', NULL, NULL, 1, 'Juvdariel'),
  ('unlinked_Karis', NULL, NULL, 1, 'Karis'),
  ('unlinked_Kergrell', NULL, NULL, 1, 'Kergrell'),
  ('unlinked_Korol', NULL, NULL, 1, 'Korol'),
  ('unlinked_Korrn', NULL, NULL, 1, 'Korrn'),
  ('unlinked_Labonken', NULL, NULL, 1, 'Labonken'),
  ('unlinked_Liegezen', NULL, NULL, 1, 'Liegezen'),
  ('unlinked_Lilee', NULL, NULL, 1, 'Lilee'),
  ('unlinked_Luchessa', NULL, NULL, 1, 'Luchessa'),
  ('unlinked_Madriax', NULL, NULL, 1, 'Madriax'),
  ('unlinked_Madye', NULL, NULL, 1, 'Madye'),
  ('unlinked_Magnuson', NULL, NULL, 1, 'Magnuson'),
  ('unlinked_Mally', NULL, NULL, 1, 'Mally'),
  ('unlinked_Marie', NULL, NULL, 1, 'Marie'),
  ('unlinked_Masheliak', NULL, NULL, 1, 'Masheliak'),
  ('unlinked_Maszma', NULL, NULL, 1, 'Maszma'),
  ('unlinked_Mezlin', NULL, NULL, 1, 'Mezlin'),
  ('unlinked_Milgo', NULL, NULL, 1, 'Milgo'),
  ('unlinked_Monkiatso', NULL, NULL, 1, 'Monkiatso'),
  ('unlinked_Muffins', NULL, NULL, 1, 'Muffins'),
  ('unlinked_Murmurs', NULL, NULL, 1, 'Murmurs'),
  ('unlinked_Naithein', NULL, NULL, 1, 'Naithein'),
  ('unlinked_Nastorian', NULL, NULL, 1, 'Nastorian'),
  ('unlinked_Noctomus', NULL, NULL, 1, 'Noctomus'),
  ('unlinked_Noggil', NULL, NULL, 1, 'Noggil'),
  ('unlinked_Noodles', NULL, NULL, 1, 'Noodles'),
  ('unlinked_Nostrix', NULL, NULL, 1, 'Nostrix'),
  ('unlinked_Oiwon', NULL, NULL, 1, 'Oiwon'),
  ('unlinked_Ombrella', NULL, NULL, 1, 'Ombrella'),
  ('unlinked_Phinyx', NULL, NULL, 1, 'Phinyx'),
  ('unlinked_Phoenex', NULL, NULL, 1, 'Phoenex'),
  ('unlinked_Plinki', NULL, NULL, 1, 'Plinki'),
  ('unlinked_Ponder', NULL, NULL, 1, 'Ponder'),
  ('unlinked_Powers', NULL, NULL, 1, 'Powers'),
  ('unlinked_Qyeni', NULL, NULL, 1, 'Qyeni'),
  ('unlinked_Raev', NULL, NULL, 1, 'Raev'),
  ('unlinked_Rakile', NULL, NULL, 1, 'Rakile'),
  ('unlinked_Rakk', NULL, NULL, 1, 'Rakk'),
  ('unlinked_Recyclops', NULL, NULL, 1, 'Recyclops'),
  ('unlinked_Rhamuk', NULL, NULL, 1, 'Rhamuk'),
  ('unlinked_Rieve', NULL, NULL, 1, 'Rieve'),
  ('unlinked_Rusl', NULL, NULL, 1, 'Rusl'),
  ('unlinked_Samsquanch', NULL, NULL, 1, 'Samsquanch'),
  ('unlinked_Scodru', NULL, NULL, 1, 'Scodru'),
  ('unlinked_Scorched', NULL, NULL, 1, 'Scorched'),
  ('unlinked_Scoville', NULL, NULL, 1, 'Scoville'),
  ('unlinked_Secrets', NULL, NULL, 1, 'Secrets'),
  ('unlinked_Sgtmayo', NULL, NULL, 1, 'Sgtmayo'),
  ('unlinked_Shady', NULL, NULL, 1, 'Shady'),
  ('unlinked_Shinde', NULL, NULL, 1, 'Shinde'),
  ('unlinked_Shmak_Down', NULL, NULL, 1, 'Shmak Down'),
  ('unlinked_Skratching', NULL, NULL, 1, 'Skratching'),
  ('unlinked_Snaric', NULL, NULL, 1, 'Snaric'),
  ('unlinked_Soth', NULL, NULL, 1, 'Soth'),
  ('unlinked_Sowya', NULL, NULL, 1, 'Sowya'),
  ('unlinked_Stitch', NULL, NULL, 1, 'Stitch'),
  ('unlinked_Sytherax', NULL, NULL, 1, 'Sytherax'),
  ('unlinked_Sytral', NULL, NULL, 1, 'Sytral'),
  ('unlinked_Tandem', NULL, NULL, 1, 'Tandem'),
  ('unlinked_Tarodin', NULL, NULL, 1, 'Tarodin'),
  ('unlinked_Tewaz', NULL, NULL, 1, 'Tewaz'),
  ('unlinked_Texas', NULL, NULL, 1, 'Texas'),
  ('unlinked_Thrillkill', NULL, NULL, 1, 'Thrillkill'),
  ('unlinked_Tinyheelzer', NULL, NULL, 1, 'Tinyheelzer'),
  ('unlinked_Tormaax', NULL, NULL, 1, 'Tormaax'),
  ('unlinked_Twen', NULL, NULL, 1, 'Twen'),
  ('unlinked_Ubah', NULL, NULL, 1, 'Ubah'),
  ('unlinked_Ubetankin', NULL, NULL, 1, 'Ubetankin'),
  ('unlinked_Vaeman', NULL, NULL, 1, 'Vaeman'),
  ('unlinked_Verity', NULL, NULL, 1, 'Verity'),
  ('unlinked_Warrior', NULL, NULL, 1, 'Warrior'),
  ('unlinked_Xella', NULL, NULL, 1, 'Xella'),
  ('unlinked_Xellion', NULL, NULL, 1, 'Xellion'),
  ('unlinked_Xikeklu__Xikheals__Xikstab', NULL, NULL, 1, 'Xikeklu, Xikheals, Xikstab'),
  ('unlinked_Yakiee', NULL, NULL, 1, 'Yakiee'),
  ('unlinked_Yarnz', NULL, NULL, 1, 'Yarnz'),
  ('unlinked_Zizz', NULL, NULL, 1, 'Zizz'),
  ('unlinked_Zthaz', NULL, NULL, 1, 'Zthaz')
ON CONFLICT (account_id) DO NOTHING;

-- 2) One character per unlinked name
INSERT INTO characters (char_id, name) VALUES
  ('unlinked_Aadd', 'Aadd'),
  ('unlinked_Aegnor', 'Aegnor'),
  ('unlinked_Afierra', 'Afierra'),
  ('unlinked_Aimee', 'Aimee'),
  ('unlinked_Ambrochanter', 'Ambrochanter'),
  ('unlinked_Angus_Mcfife', 'Angus Mcfife'),
  ('unlinked_Animale_Vicioso', 'Animale Vicioso'),
  ('unlinked_Aporia', 'Aporia'),
  ('unlinked_Arliden', 'Arliden'),
  ('unlinked_Asparagus', 'Asparagus'),
  ('unlinked_Asuka', 'Asuka'),
  ('unlinked_Atmos', 'Atmos'),
  ('unlinked_Azair', 'Azair'),
  ('unlinked_Babba', 'Babba'),
  ('unlinked_Bare', 'Bare'),
  ('unlinked_Beastmastah_songweaver', 'Beastmastah/songweaver'),
  ('unlinked_Beeb', 'Beeb'),
  ('unlinked_Belschnickel', 'Belschnickel'),
  ('unlinked_Bigpappa', 'Bigpappa'),
  ('unlinked_Bilfri', 'Bilfri'),
  ('unlinked_Bisben', 'Bisben'),
  ('unlinked_Blunt', 'Blunt'),
  ('unlinked_Brena', 'Brena'),
  ('unlinked_Burn', 'Burn'),
  ('unlinked_Cantharellus', 'Cantharellus'),
  ('unlinked_Cheyenne', 'Cheyenne'),
  ('unlinked_Cildin', 'Cildin'),
  ('unlinked_Cosin', 'Cosin'),
  ('unlinked_Crawl', 'Crawl'),
  ('unlinked_Daerani', 'Daerani'),
  ('unlinked_Danhalad', 'Danhalad'),
  ('unlinked_Dasidarius', 'Dasidarius'),
  ('unlinked_Deku', 'Deku'),
  ('unlinked_Depredation', 'Depredation'),
  ('unlinked_Diaabettus', 'Diaabettus'),
  ('unlinked_Djaspurr', 'Djaspurr'),
  ('unlinked_Dobben', 'Dobben'),
  ('unlinked_Droodly', 'Droodly'),
  ('unlinked_Drudger', 'Drudger'),
  ('unlinked_Dumpster', 'Dumpster'),
  ('unlinked_Eetcha', 'Eetcha'),
  ('unlinked_Elessin', 'Elessin'),
  ('unlinked_Enokie', 'Enokie'),
  ('unlinked_Ephed', 'Ephed'),
  ('unlinked_Faiye', 'Faiye'),
  ('unlinked_Faris', 'Faris'),
  ('unlinked_Fenris', 'Fenris'),
  ('unlinked_Fluffyhappy', 'Fluffyhappy'),
  ('unlinked_Fouronenine', 'Fouronenine'),
  ('unlinked_Fumar', 'Fumar'),
  ('unlinked_Furiousfists', 'Furiousfists'),
  ('unlinked_GDPR_2212322', 'GDPR#2212322'),
  ('unlinked_GDPR_222894', 'GDPR#222894'),
  ('unlinked_GDPR_2854315', 'GDPR#2854315'),
  ('unlinked_Goren', 'Goren'),
  ('unlinked_Grosk', 'Grosk'),
  ('unlinked_Guilder', 'Guilder'),
  ('unlinked_Guldawen', 'Guldawen'),
  ('unlinked_Hetsh', 'Hetsh'),
  ('unlinked_Higlak', 'Higlak'),
  ('unlinked_Hooch', 'Hooch'),
  ('unlinked_Hyakunen', 'Hyakunen'),
  ('unlinked_Ibebeastin', 'Ibebeastin'),
  ('unlinked_Jaeberd', 'Jaeberd'),
  ('unlinked_Juvdariel', 'Juvdariel'),
  ('unlinked_Karis', 'Karis'),
  ('unlinked_Kergrell', 'Kergrell'),
  ('unlinked_Korol', 'Korol'),
  ('unlinked_Korrn', 'Korrn'),
  ('unlinked_Labonken', 'Labonken'),
  ('unlinked_Liegezen', 'Liegezen'),
  ('unlinked_Lilee', 'Lilee'),
  ('unlinked_Luchessa', 'Luchessa'),
  ('unlinked_Madriax', 'Madriax'),
  ('unlinked_Madye', 'Madye'),
  ('unlinked_Magnuson', 'Magnuson'),
  ('unlinked_Mally', 'Mally'),
  ('unlinked_Marie', 'Marie'),
  ('unlinked_Masheliak', 'Masheliak'),
  ('unlinked_Maszma', 'Maszma'),
  ('unlinked_Mezlin', 'Mezlin'),
  ('unlinked_Milgo', 'Milgo'),
  ('unlinked_Monkiatso', 'Monkiatso'),
  ('unlinked_Muffins', 'Muffins'),
  ('unlinked_Murmurs', 'Murmurs'),
  ('unlinked_Naithein', 'Naithein'),
  ('unlinked_Nastorian', 'Nastorian'),
  ('unlinked_Noctomus', 'Noctomus'),
  ('unlinked_Noggil', 'Noggil'),
  ('unlinked_Noodles', 'Noodles'),
  ('unlinked_Nostrix', 'Nostrix'),
  ('unlinked_Oiwon', 'Oiwon'),
  ('unlinked_Ombrella', 'Ombrella'),
  ('unlinked_Phinyx', 'Phinyx'),
  ('unlinked_Phoenex', 'Phoenex'),
  ('unlinked_Plinki', 'Plinki'),
  ('unlinked_Ponder', 'Ponder'),
  ('unlinked_Powers', 'Powers'),
  ('unlinked_Qyeni', 'Qyeni'),
  ('unlinked_Raev', 'Raev'),
  ('unlinked_Rakile', 'Rakile'),
  ('unlinked_Rakk', 'Rakk'),
  ('unlinked_Recyclops', 'Recyclops'),
  ('unlinked_Rhamuk', 'Rhamuk'),
  ('unlinked_Rieve', 'Rieve'),
  ('unlinked_Rusl', 'Rusl'),
  ('unlinked_Samsquanch', 'Samsquanch'),
  ('unlinked_Scodru', 'Scodru'),
  ('unlinked_Scorched', 'Scorched'),
  ('unlinked_Scoville', 'Scoville'),
  ('unlinked_Secrets', 'Secrets'),
  ('unlinked_Sgtmayo', 'Sgtmayo'),
  ('unlinked_Shady', 'Shady'),
  ('unlinked_Shinde', 'Shinde'),
  ('unlinked_Shmak_Down', 'Shmak Down'),
  ('unlinked_Skratching', 'Skratching'),
  ('unlinked_Snaric', 'Snaric'),
  ('unlinked_Soth', 'Soth'),
  ('unlinked_Sowya', 'Sowya'),
  ('unlinked_Stitch', 'Stitch'),
  ('unlinked_Sytherax', 'Sytherax'),
  ('unlinked_Sytral', 'Sytral'),
  ('unlinked_Tandem', 'Tandem'),
  ('unlinked_Tarodin', 'Tarodin'),
  ('unlinked_Tewaz', 'Tewaz'),
  ('unlinked_Texas', 'Texas'),
  ('unlinked_Thrillkill', 'Thrillkill'),
  ('unlinked_Tinyheelzer', 'Tinyheelzer'),
  ('unlinked_Tormaax', 'Tormaax'),
  ('unlinked_Twen', 'Twen'),
  ('unlinked_Ubah', 'Ubah'),
  ('unlinked_Ubetankin', 'Ubetankin'),
  ('unlinked_Vaeman', 'Vaeman'),
  ('unlinked_Verity', 'Verity'),
  ('unlinked_Warrior', 'Warrior'),
  ('unlinked_Xella', 'Xella'),
  ('unlinked_Xellion', 'Xellion'),
  ('unlinked_Xikeklu__Xikheals__Xikstab', 'Xikeklu, Xikheals, Xikstab'),
  ('unlinked_Yakiee', 'Yakiee'),
  ('unlinked_Yarnz', 'Yarnz'),
  ('unlinked_Zizz', 'Zizz'),
  ('unlinked_Zthaz', 'Zthaz')
ON CONFLICT (char_id) DO NOTHING;

-- 3) Link each character to its own account
INSERT INTO character_account (char_id, account_id) VALUES
  ('unlinked_Aadd', 'unlinked_Aadd'),
  ('unlinked_Aegnor', 'unlinked_Aegnor'),
  ('unlinked_Afierra', 'unlinked_Afierra'),
  ('unlinked_Aimee', 'unlinked_Aimee'),
  ('unlinked_Ambrochanter', 'unlinked_Ambrochanter'),
  ('unlinked_Angus_Mcfife', 'unlinked_Angus_Mcfife'),
  ('unlinked_Animale_Vicioso', 'unlinked_Animale_Vicioso'),
  ('unlinked_Aporia', 'unlinked_Aporia'),
  ('unlinked_Arliden', 'unlinked_Arliden'),
  ('unlinked_Asparagus', 'unlinked_Asparagus'),
  ('unlinked_Asuka', 'unlinked_Asuka'),
  ('unlinked_Atmos', 'unlinked_Atmos'),
  ('unlinked_Azair', 'unlinked_Azair'),
  ('unlinked_Babba', 'unlinked_Babba'),
  ('unlinked_Bare', 'unlinked_Bare'),
  ('unlinked_Beastmastah_songweaver', 'unlinked_Beastmastah_songweaver'),
  ('unlinked_Beeb', 'unlinked_Beeb'),
  ('unlinked_Belschnickel', 'unlinked_Belschnickel'),
  ('unlinked_Bigpappa', 'unlinked_Bigpappa'),
  ('unlinked_Bilfri', 'unlinked_Bilfri'),
  ('unlinked_Bisben', 'unlinked_Bisben'),
  ('unlinked_Blunt', 'unlinked_Blunt'),
  ('unlinked_Brena', 'unlinked_Brena'),
  ('unlinked_Burn', 'unlinked_Burn'),
  ('unlinked_Cantharellus', 'unlinked_Cantharellus'),
  ('unlinked_Cheyenne', 'unlinked_Cheyenne'),
  ('unlinked_Cildin', 'unlinked_Cildin'),
  ('unlinked_Cosin', 'unlinked_Cosin'),
  ('unlinked_Crawl', 'unlinked_Crawl'),
  ('unlinked_Daerani', 'unlinked_Daerani'),
  ('unlinked_Danhalad', 'unlinked_Danhalad'),
  ('unlinked_Dasidarius', 'unlinked_Dasidarius'),
  ('unlinked_Deku', 'unlinked_Deku'),
  ('unlinked_Depredation', 'unlinked_Depredation'),
  ('unlinked_Diaabettus', 'unlinked_Diaabettus'),
  ('unlinked_Djaspurr', 'unlinked_Djaspurr'),
  ('unlinked_Dobben', 'unlinked_Dobben'),
  ('unlinked_Droodly', 'unlinked_Droodly'),
  ('unlinked_Drudger', 'unlinked_Drudger'),
  ('unlinked_Dumpster', 'unlinked_Dumpster'),
  ('unlinked_Eetcha', 'unlinked_Eetcha'),
  ('unlinked_Elessin', 'unlinked_Elessin'),
  ('unlinked_Enokie', 'unlinked_Enokie'),
  ('unlinked_Ephed', 'unlinked_Ephed'),
  ('unlinked_Faiye', 'unlinked_Faiye'),
  ('unlinked_Faris', 'unlinked_Faris'),
  ('unlinked_Fenris', 'unlinked_Fenris'),
  ('unlinked_Fluffyhappy', 'unlinked_Fluffyhappy'),
  ('unlinked_Fouronenine', 'unlinked_Fouronenine'),
  ('unlinked_Fumar', 'unlinked_Fumar'),
  ('unlinked_Furiousfists', 'unlinked_Furiousfists'),
  ('unlinked_GDPR_2212322', 'unlinked_GDPR_2212322'),
  ('unlinked_GDPR_222894', 'unlinked_GDPR_222894'),
  ('unlinked_GDPR_2854315', 'unlinked_GDPR_2854315'),
  ('unlinked_Goren', 'unlinked_Goren'),
  ('unlinked_Grosk', 'unlinked_Grosk'),
  ('unlinked_Guilder', 'unlinked_Guilder'),
  ('unlinked_Guldawen', 'unlinked_Guldawen'),
  ('unlinked_Hetsh', 'unlinked_Hetsh'),
  ('unlinked_Higlak', 'unlinked_Higlak'),
  ('unlinked_Hooch', 'unlinked_Hooch'),
  ('unlinked_Hyakunen', 'unlinked_Hyakunen'),
  ('unlinked_Ibebeastin', 'unlinked_Ibebeastin'),
  ('unlinked_Jaeberd', 'unlinked_Jaeberd'),
  ('unlinked_Juvdariel', 'unlinked_Juvdariel'),
  ('unlinked_Karis', 'unlinked_Karis'),
  ('unlinked_Kergrell', 'unlinked_Kergrell'),
  ('unlinked_Korol', 'unlinked_Korol'),
  ('unlinked_Korrn', 'unlinked_Korrn'),
  ('unlinked_Labonken', 'unlinked_Labonken'),
  ('unlinked_Liegezen', 'unlinked_Liegezen'),
  ('unlinked_Lilee', 'unlinked_Lilee'),
  ('unlinked_Luchessa', 'unlinked_Luchessa'),
  ('unlinked_Madriax', 'unlinked_Madriax'),
  ('unlinked_Madye', 'unlinked_Madye'),
  ('unlinked_Magnuson', 'unlinked_Magnuson'),
  ('unlinked_Mally', 'unlinked_Mally'),
  ('unlinked_Marie', 'unlinked_Marie'),
  ('unlinked_Masheliak', 'unlinked_Masheliak'),
  ('unlinked_Maszma', 'unlinked_Maszma'),
  ('unlinked_Mezlin', 'unlinked_Mezlin'),
  ('unlinked_Milgo', 'unlinked_Milgo'),
  ('unlinked_Monkiatso', 'unlinked_Monkiatso'),
  ('unlinked_Muffins', 'unlinked_Muffins'),
  ('unlinked_Murmurs', 'unlinked_Murmurs'),
  ('unlinked_Naithein', 'unlinked_Naithein'),
  ('unlinked_Nastorian', 'unlinked_Nastorian'),
  ('unlinked_Noctomus', 'unlinked_Noctomus'),
  ('unlinked_Noggil', 'unlinked_Noggil'),
  ('unlinked_Noodles', 'unlinked_Noodles'),
  ('unlinked_Nostrix', 'unlinked_Nostrix'),
  ('unlinked_Oiwon', 'unlinked_Oiwon'),
  ('unlinked_Ombrella', 'unlinked_Ombrella'),
  ('unlinked_Phinyx', 'unlinked_Phinyx'),
  ('unlinked_Phoenex', 'unlinked_Phoenex'),
  ('unlinked_Plinki', 'unlinked_Plinki'),
  ('unlinked_Ponder', 'unlinked_Ponder'),
  ('unlinked_Powers', 'unlinked_Powers'),
  ('unlinked_Qyeni', 'unlinked_Qyeni'),
  ('unlinked_Raev', 'unlinked_Raev'),
  ('unlinked_Rakile', 'unlinked_Rakile'),
  ('unlinked_Rakk', 'unlinked_Rakk'),
  ('unlinked_Recyclops', 'unlinked_Recyclops'),
  ('unlinked_Rhamuk', 'unlinked_Rhamuk'),
  ('unlinked_Rieve', 'unlinked_Rieve'),
  ('unlinked_Rusl', 'unlinked_Rusl'),
  ('unlinked_Samsquanch', 'unlinked_Samsquanch'),
  ('unlinked_Scodru', 'unlinked_Scodru'),
  ('unlinked_Scorched', 'unlinked_Scorched'),
  ('unlinked_Scoville', 'unlinked_Scoville'),
  ('unlinked_Secrets', 'unlinked_Secrets'),
  ('unlinked_Sgtmayo', 'unlinked_Sgtmayo'),
  ('unlinked_Shady', 'unlinked_Shady'),
  ('unlinked_Shinde', 'unlinked_Shinde'),
  ('unlinked_Shmak_Down', 'unlinked_Shmak_Down'),
  ('unlinked_Skratching', 'unlinked_Skratching'),
  ('unlinked_Snaric', 'unlinked_Snaric'),
  ('unlinked_Soth', 'unlinked_Soth'),
  ('unlinked_Sowya', 'unlinked_Sowya'),
  ('unlinked_Stitch', 'unlinked_Stitch'),
  ('unlinked_Sytherax', 'unlinked_Sytherax'),
  ('unlinked_Sytral', 'unlinked_Sytral'),
  ('unlinked_Tandem', 'unlinked_Tandem'),
  ('unlinked_Tarodin', 'unlinked_Tarodin'),
  ('unlinked_Tewaz', 'unlinked_Tewaz'),
  ('unlinked_Texas', 'unlinked_Texas'),
  ('unlinked_Thrillkill', 'unlinked_Thrillkill'),
  ('unlinked_Tinyheelzer', 'unlinked_Tinyheelzer'),
  ('unlinked_Tormaax', 'unlinked_Tormaax'),
  ('unlinked_Twen', 'unlinked_Twen'),
  ('unlinked_Ubah', 'unlinked_Ubah'),
  ('unlinked_Ubetankin', 'unlinked_Ubetankin'),
  ('unlinked_Vaeman', 'unlinked_Vaeman'),
  ('unlinked_Verity', 'unlinked_Verity'),
  ('unlinked_Warrior', 'unlinked_Warrior'),
  ('unlinked_Xella', 'unlinked_Xella'),
  ('unlinked_Xellion', 'unlinked_Xellion'),
  ('unlinked_Xikeklu__Xikheals__Xikstab', 'unlinked_Xikeklu__Xikheals__Xikstab'),
  ('unlinked_Yakiee', 'unlinked_Yakiee'),
  ('unlinked_Yarnz', 'unlinked_Yarnz'),
  ('unlinked_Zizz', 'unlinked_Zizz'),
  ('unlinked_Zthaz', 'unlinked_Zthaz')
ON CONFLICT (char_id, account_id) DO NOTHING;

-- 4) Missing tics (in CSV, not in DB)
INSERT INTO raid_event_attendance (raid_id, event_id, char_id, character_name) VALUES
  ('1598436', '2498790', '22036483', 'Anmordius'),
  ('1598662', '2499277', '22080995', 'Adilene'),
  ('1598662', '2499277', '22036799', 'Akbar'),
  ('1598662', '2499277', '22078203', 'Aldiss'),
  ('1598662', '2499277', '22036509', 'Ammordius'),
  ('1598662', '2499277', '22077757', 'Barndog'),
  ('1598662', '2499277', '22079008', 'Beanwolf'),
  ('1598662', '2499277', '21931708', 'Bhodi'),
  ('1598662', '2499277', '21865220', 'Bopp'),
  ('1598662', '2499277', '21894790', 'Crushzilla'),
  ('1598662', '2499277', '22077624', 'Debrie'),
  ('1598662', '2499277', '21866900', 'Dopp'),
  ('1598662', '2499277', '22077613', 'Elrontaur'),
  ('1598662', '2499277', '22078177', 'Fireblade'),
  ('1598662', '2499277', '21687887', 'Inacht'),
  ('1598662', '2499277', '21739516', 'Jyslia'),
  ('1598662', '2499277', '21701441', 'Lamia'),
  ('1598662', '2499277', '22024877', 'Meww'),
  ('1598662', '2499277', '22075542', 'Monara'),
  ('1598662', '2499277', '22079077', 'Pigpen'),
  ('1598662', '2499277', '22077622', 'Pugnacious'),
  ('1598662', '2499277', '22075541', 'Pursuit'),
  ('1598662', '2499277', '22031367', 'Rembylynn'),
  ('1598662', '2499277', '22080750', 'Rgrok'),
  ('1598662', '2499277', '22077620', 'Silent'),
  ('1598662', '2499277', '21808545', 'Slay'),
  ('1598662', '2499277', '22077611', 'Tuluvien'),
  ('1598662', '2499277', '22078185', 'Uberest'),
  ('1598662', '2499277', '22079084', 'Zaltak'),
  ('1598662', '2499280', '22080995', 'Adilene'),
  ('1598662', '2499280', '22036799', 'Akbar'),
  ('1598662', '2499280', '22078203', 'Aldiss'),
  ('1598662', '2499280', '22036509', 'Ammordius'),
  ('1598662', '2499280', '22077757', 'Barndog'),
  ('1598662', '2499280', '22079008', 'Beanwolf'),
  ('1598662', '2499280', '21931708', 'Bhodi'),
  ('1598662', '2499280', '21865220', 'Bopp'),
  ('1598662', '2499280', '21894790', 'Crushzilla'),
  ('1598662', '2499280', '22077624', 'Debrie'),
  ('1598662', '2499280', '21866900', 'Dopp'),
  ('1598662', '2499280', '22077613', 'Elrontaur'),
  ('1598662', '2499280', '22078177', 'Fireblade'),
  ('1598662', '2499280', '22080818', 'Headcrushar'),
  ('1598662', '2499280', '21687887', 'Inacht'),
  ('1598662', '2499280', '22025423', 'Jarisy'),
  ('1598662', '2499280', '21739516', 'Jyslia'),
  ('1598662', '2499280', '21701441', 'Lamia'),
  ('1598662', '2499280', '22024877', 'Meww'),
  ('1598662', '2499280', '22075542', 'Monara'),
  ('1598662', '2499280', '22079077', 'Pigpen'),
  ('1598662', '2499280', '22077622', 'Pugnacious'),
  ('1598662', '2499280', '22075541', 'Pursuit'),
  ('1598662', '2499280', '22031367', 'Rembylynn'),
  ('1598662', '2499280', '22080750', 'Rgrok'),
  ('1598662', '2499280', '22077620', 'Silent'),
  ('1598662', '2499280', '21808545', 'Slay'),
  ('1598662', '2499280', '22077611', 'Tuluvien'),
  ('1598662', '2499280', '22078185', 'Uberest'),
  ('1598662', '2499280', '22079084', 'Zaltak'),
  ('1598662', '2499281', '22080995', 'Adilene'),
  ('1598662', '2499281', '22036799', 'Akbar'),
  ('1598662', '2499281', '22078203', 'Aldiss'),
  ('1598662', '2499281', '22079008', 'Beanwolf'),
  ('1598662', '2499281', '21931708', 'Bhodi'),
  ('1598662', '2499281', '21865220', 'Bopp'),
  ('1598662', '2499281', '21894790', 'Crushzilla'),
  ('1598662', '2499281', '22077624', 'Debrie'),
  ('1598662', '2499281', '21866900', 'Dopp'),
  ('1598662', '2499281', '22077613', 'Elrontaur'),
  ('1598662', '2499281', '22078177', 'Fireblade'),
  ('1598662', '2499281', '22080818', 'Headcrushar'),
  ('1598662', '2499281', '21687887', 'Inacht'),
  ('1598662', '2499281', '22025423', 'Jarisy'),
  ('1598662', '2499281', '21739516', 'Jyslia'),
  ('1598662', '2499281', '22077662', 'Kovah'),
  ('1598662', '2499281', '21701441', 'Lamia'),
  ('1598662', '2499281', '22024877', 'Meww'),
  ('1598662', '2499281', '22075542', 'Monara'),
  ('1598662', '2499281', '22079077', 'Pigpen'),
  ('1598662', '2499281', '22077622', 'Pugnacious'),
  ('1598662', '2499281', '22075541', 'Pursuit'),
  ('1598662', '2499281', '22031367', 'Rembylynn'),
  ('1598662', '2499281', '22080750', 'Rgrok'),
  ('1598662', '2499281', '22077620', 'Silent'),
  ('1598662', '2499281', '21808545', 'Slay'),
  ('1598662', '2499281', '22077604', 'Sverder'),
  ('1598662', '2499281', '22077611', 'Tuluvien'),
  ('1598662', '2499281', '22078185', 'Uberest'),
  ('1598662', '2499281', '22077680', 'Yuukii'),
  ('1598662', '2499281', '22079084', 'Zaltak'),
  ('1598662', '2499282', '22080995', 'Adilene'),
  ('1598662', '2499282', '22036799', 'Akbar'),
  ('1598662', '2499282', '22078203', 'Aldiss'),
  ('1598662', '2499282', '22079008', 'Beanwolf'),
  ('1598662', '2499282', '21931708', 'Bhodi'),
  ('1598662', '2499282', '21865220', 'Bopp'),
  ('1598662', '2499282', '21894790', 'Crushzilla'),
  ('1598662', '2499282', '22077624', 'Debrie'),
  ('1598662', '2499282', '21866900', 'Dopp'),
  ('1598662', '2499282', '22077613', 'Elrontaur'),
  ('1598662', '2499282', '22080818', 'Headcrushar'),
  ('1598662', '2499282', '21687887', 'Inacht'),
  ('1598662', '2499282', '22025423', 'Jarisy'),
  ('1598662', '2499282', '21739516', 'Jyslia'),
  ('1598662', '2499282', '22077662', 'Kovah'),
  ('1598662', '2499282', '22024877', 'Meww'),
  ('1598662', '2499282', '21918664', 'Minpal'),
  ('1598662', '2499282', '22075542', 'Monara'),
  ('1598662', '2499282', '22079077', 'Pigpen'),
  ('1598662', '2499282', '22077622', 'Pugnacious'),
  ('1598662', '2499282', '22075541', 'Pursuit'),
  ('1598662', '2499282', '22031367', 'Rembylynn'),
  ('1598662', '2499282', '22077620', 'Silent'),
  ('1598662', '2499282', '21808545', 'Slay'),
  ('1598662', '2499282', '22077604', 'Sverder'),
  ('1598662', '2499282', '22077611', 'Tuluvien'),
  ('1598662', '2499282', '22077680', 'Yuukii'),
  ('1598662', '2499282', '22079084', 'Zaltak')
;

COMMIT;
